optimizer1,optimizer2,mean1,mean2,statistic,p_value,significant,effect_size,test_name
Adam,SGD,0.09154798117423316,0.1160888701743382,-3.1746989611255128,0.013101611012267107,True,-2.0078559205053943,Independent t-test
Adam,SVRG,0.09154798117423316,0.0661748467113357,3.6678583480984184,0.006329009375994896,True,2.319757302970745,Independent t-test
SGD,SVRG,0.1160888701743382,0.0661748467113357,7.465322812771608,7.159413498350127e-05,True,4.721484711354605,Independent t-test
